{
  "rmse_domain_knowledge": 0.007772102352646184,
  "rmse_hybrid_model_chain": 0.007084699825556695,
  "rmse_hybrid_plus_vmmnet": 0.00658084530371723,
  "rmse_hybrid_test_only": 0.013447821956137177,
  "force_train_final_loss": 0.05564461268600638,
  "quality_train_final_loss": 0.05422595892206079
}