{
  "rmse_domain_knowledge": 0.007772102352646184,
  "rmse_hybrid_model_chain": 0.0070849533755898905,
  "rmse_hybrid_plus_vmmnet": 0.006593724648251604,
  "rmse_hybrid_test_only": 0.013475007601159675,
  "force_train_final_loss": 0.05568345308366994,
  "quality_train_final_loss": 0.05433706447110478
}